<?xml version="1.0" encoding="UTF-8" standalone="yes"?>
<addon id="plugin.video.dramacool" name="DramaCool" version="2.1.0" provider-name="groggyegg">
    <requires>
        <import addon="script.module.resolveurl" version="5.1.35"/>
        <import addon="script.module.requests"/>
        <import addon="xbmc.python" version="3.0.0"/>
    </requires>
    <extension point="xbmc.python.pluginsource" library="resources/lib/addon.py">
        <provides>video</provides>
    </extension>
    <extension point="xbmc.addon.metadata">
        <summary lang="en_GB">Video plugin for DramaCool</summary>
        <description lang="en_GB">Watch Asian Drama and Korean Show with English subtitles.</description>
        <platform>all</platform>
        <license>MIT License</license>
        <assets>
            <icon>resources/icon.png</icon>
            <fanart>resources/fanart.jpg</fanart>
        </assets>
    </extension>
</addon>